user_id,user_name,question_id,your_answer,correct_answer
102,Srusti,31,C,E
102,Srusti,219,E,D
102,Srusti,598,E,C
102,Srusti,675,D,B
102,Srusti,814,D,B
103,Srusti,6,D,D
103,Srusti,9,B,E
103,Srusti,98,B,B
103,Srusti,105,D,C
103,Srusti,1011,D,D
105,Bhavani,236,E,D
105,Bhavani,418,D,C
105,Bhavani,880,C,D
101,Srusti,29,A,B
101,Srusti,218,A,A
101,Srusti,229,A,A
101,Srusti,178,E,C
101,Srusti,190,A,E
101,Srusti,264,D,E
101,Srusti,521,C,C
101,Srusti,596,D,D
101,Srusti,156,E,B
101,Srusti,219,C,D
101,Srusti,438,B,D
101,Srusti,519,C,B
101,Srusti,536,D,E
101,Srusti,156,E,B
101,Srusti,219,C,D
101,Srusti,438,B,D
101,Srusti,519,C,B
101,Srusti,536,D,E
101,Srusti,69,E,A
101,Srusti,80,D,A
101,Srusti,230,E,A
101,Srusti,273,D,A
101,Srusti,1052,E,B
101,Srusti,205,E,A
101,Srusti,245,E,A
101,Srusti,631,E,E
101,Srusti,758,D,C
101,Srusti,1060,E,A
102,Srusti,43,A,C
102,Srusti,69,E,A
102,Srusti,221,E,E
102,Srusti,303,A,B
102,Srusti,722,B,C
102,Srusti,173,B,A
102,Srusti,465,B,E
102,Srusti,652,E,D
102,Srusti,739,D,D
102,Srusti,838,A,B
102,Srusti,102,A,D
102,Srusti,200,E,A
102,Srusti,375,C,C
102,Srusti,1056,B,D
102,Srusti,1143,A,A
102,Srusti,102,A,D
102,Srusti,200,E,A
102,Srusti,375,C,C
102,Srusti,1056,B,D
102,Srusti,1143,A,A
102,Srusti,19,C,E
102,Srusti,312,E,A
102,Srusti,517,A,C
102,Srusti,899,C,C
102,Srusti,1111,B,C
102,Srusti,19,C,E
102,Srusti,312,E,A
102,Srusti,517,A,C
102,Srusti,899,C,C
102,Srusti,1111,B,C
102,Srusti,275,A,B
102,Srusti,384,B,E
102,Srusti,532,E,C
102,Srusti,568,D,E
102,Srusti,1123,E,B
102,Srusti,37,C,B
102,Srusti,71,E,C
102,Srusti,351,E,C
102,Srusti,715,E,A
102,Srusti,1044,E,B
101,Srusti,29,1,5,2025-04-20 16:38:41
101,Srusti,1090,E,B
101,Srusti,1076,E,E
101,Srusti,20,A,A
101,Srusti,963,E,D
101,Srusti,626,D,C
101,Srusti,1090,E,B
101,Srusti,1076,E,E
101,Srusti,20,A,A
101,Srusti,963,E,D
101,Srusti,626,D,C
101,Srusti,1090,E,B
101,Srusti,1076,E,E
101,Srusti,20,A,A
101,Srusti,963,E,D
101,Srusti,626,D,C
101,Srusti,1090,E,B
101,Srusti,1076,E,E
101,Srusti,20,A,A
101,Srusti,963,E,D
101,Srusti,626,D,C
101,Srusti,1090,E,B
101,Srusti,1076,E,E
101,Srusti,20,A,A
101,Srusti,963,E,D
101,Srusti,626,D,C
101,Srusti,1090,E,B
101,Srusti,1076,E,E
101,Srusti,20,A,A
101,Srusti,963,E,D
101,Srusti,626,D,C
101,Srusti,406,E,D
101,Srusti,207,E,E
101,Srusti,164,E,D
101,Srusti,227,C,B
101,Srusti,173,E,A
101,Srusti,406,E,D
101,Srusti,207,E,E
101,Srusti,164,E,D
101,Srusti,227,C,B
101,Srusti,173,E,A
103,baby,296,E,A
103,baby,6,E,D
103,baby,88,E,C
103,baby,279,C,A
103,baby,254,E,C
103,baby,417,E,A
103,baby,434,E,B
103,baby,196,E,D
103,baby,102,E,D
103,baby,567,E,A
103,baby,417,E,A
103,baby,434,E,B
103,baby,196,E,D
103,baby,102,E,D
103,baby,567,E,A
105,Ray,122,B,C
105,Ray,619,D,D
105,Ray,629,D,C
105,Ray,13,E,B
105,Ray,194,E,B
